{"cameraMode":{"drawMode":0,"name":"Shaded","section":"Shading Mode"},"sceneLighting":true,"audioPlay":false,"sceneViewState":{"showFog":true,"showMaterialUpdate":false,"showSkybox":true,"showFlares":true,"showImageEffects":true,"showParticleSystems":true},"in2DMode":false,"pivot":{"x":-38.62766647338867,"y":-20.731224060058595,"z":1.0240522623062134},"rotation":{"x":0.1765587329864502,"y":-0.6847731471061707,"z":0.1765468865633011,"w":0.684901237487793},"size":86.04561614990235,"orthographic":false}